platform,scope,status,D1,D2,D3,D4,D5,D6,D7,D8,D9,D1_note,D2_note,D3_note,D4_note,D5_note,D6_note,D7_note,D8_note,D9_note,sources,last_checked
GENPAT / COHESIVE,bacteria+viruses,authors' own platform (see disclosure),Y,Y,Y,Y,Y,"B,V",Y,P,Y,,reference deployment AGPL-3.0; component licences vary,,,,,,"submission to authorities (EFSA, ECDC, IAEA); identifiers from public repositories are imported, not submitted",,deruvo2026genpat;cohesive2024cis;deruvo2024spread,2026-10-02
BIGSdb-Pasteur,bacteria,active,P†,Y,Y,Y,P†,B,P,n.d.,n.d.,,GPL-3.0,,,,,,,built-in sample table described in 2010 was removed from the software in 2019,jolley2018bigsdb;jolley2010bigsdb;pasteurbigsdb2026;bigsdbdocs2026;bigsdb_issue257,2026-10-02
PubMLST,bacteria,active,P†,Y,Y,Y,P†,"B,F",P,n.d.,n.d.,,GPL-3.0,,,,"mainly bacteria; Candida schemes; one bacteriophage scheme, not counted as viral surveillance",,,as BIGSdb-Pasteur,jolley2018bigsdb;jolley2010bigsdb;bigsdbdocs2026;pubmlstorganisms;bigsdb_issue257,2026-10-02
EnteroBase,bacteria,active,P,N,Y,P,P,B,P,P,n.d.,,code public without a declared licence (source-available),,,,,,brokered ENA upload of reads from users who gave permission,,Zhou2020;dyer2025enterobase;enterobasedocs2026;enterobasecode,2026-10-02
CGE (genepi.dk),bacteria,2016 platform withdrawn; legacy site retiring (notice 2026-08-01),P,P,N,n.d.,n.d.,B,n.d.,n.d.,n.d.,tools installable locally; platform not distributed,tools Apache-2.0; website not open source,no accounts; uploaded data not retained,,,,,,,genepi2026;cgeretirement2026;bortolaia2020resfinder;florensa2022resfinder;thomsen2016bap,2026-10-02
IRIDA,bacteria,no longer developed; successor IRIDA Next,Y,Y,Y,Y,Y,B§,P,Y,n.d.,,Apache-2.0,,,,,no map,NCBI SRA,,matthews2018irida;iridametadocs2026;iridagithub,2026-10-02
IRIDA Next,bacteria,active (no tagged releases),Y,Y,Y,Y,Y,n.d.,n.d.,n.d.,n.d.,,Apache-2.0,,,Nextflow pipelines,,,downloads only,,iridanextdocs2026,2026-10-02
Galaxy,general-purpose,active,Y,Y,P,P,Y,"B,V,F",P,P,n.d.,,MIT,,Sample Sheets (release 25.1): typed per-sample metadata for workflow inputs,,,,ENA via community tool,sample tracking removed in 2017,afgan2018galaxy;galaxy2022;galaxy2024;galaxy2026;galaxy251release;galaxyprivacy2026;galaxylicence;galaxyfungi2026;roncoroni2021ena;galaxypr5103,2026-10-02
Pathogenwatch,bacteria,active,P,N,P,P,N,"B,V,F",Y,n.d.,n.d.,workflows runnable locally; platform hosted on AWS,non-commercial licence (source-available),,,,,,,,argimon2021typhi;alikhan2026pathogenwatch;pathogenwatchdocs2026;pathogenwatchlicence,2026-10-02
AusTrakka,bacteria+viruses,active,N,N,Y,P,P,"B,V",P,n.d.,n.d.,,public client code without a licence; backend not public,,,,,,,,hoang2022austrakka;austrakkadocs;austrakkagovernance2025;sloggett2024austrakka;trakkacli,2026-10-02
NCBI Pathogen Detection,bacteria,active,N,P,N,P,N,"B,F",P,Y,n.d.,,some components open source,all data public,,,,,data enter by submission to NCBI archives,,ncbipathogensabout;sayers2026ncbi,2026-10-02
EFSA One Health WGS System,bacteria,active,N,P,Y,N‡,P,B,P,Y‡,n.d.,,analytical pipeline EUPL-1.2,,,,"Salmonella, Listeria, E. coli incl. STEC, C. jejuni, C. coli",,cgMLST exchange with ECDC,,efsa2022onehealthwgs;efsa2025wgsguidelines;efsaecdc2022collab;efsa2026topic;rossi2022efsa;rossi2023efsaecdc;efsa2026pipeline,2026-10-02
Nextstrain,viruses,active,Y,Y,P,P,Y,"B,V",Y,n.d.,n.d.,,AGPL-3.0 / MIT,,,,,,,,hadfield2018nextstrain;huddleston2021augur;nextstraindocs,2026-10-02
GISAID,viruses,active,N§,N§,P,n.d.,n.d.,V,P,N,n.d.,,proprietary,,,,,,,,shu2017gisaid;khare2021gisaid;gisaiddaa;gisaidweb,2026-10-02
Pathoplexus,viruses,active,P,Y,P,Y,P,V,P,Y,n.d.,installable through the Loculus software; pathoplexus.org is centrally hosted,AGPL-3.0,,,,,external link-out tools,ENA,,pathoplexusabout;pathoplexustools;loculusdocs,2026-10-02
